{"cameraMode":{"drawMode":0,"name":"Shaded","section":"Shading Mode"},"sceneLighting":false,"audioPlay":false,"sceneViewState":{"m_AlwaysRefresh":false,"showFog":true,"showSkybox":false,"showFlares":true,"showImageEffects":true,"showParticleSystems":true,"showVisualEffectGraphs":true,"m_FxEnabled":true},"in2DMode":false,"pivot":{"x":-0.003443896770477295,"y":0.6078779697418213,"z":-0.01881462335586548},"rotation":{"x":0.011911198496818543,"y":-0.9852152466773987,"z":-0.07669355720281601,"w":-0.15282489359378816},"size":1.480475664138794,"orthographic":false}