{"cameraMode":{"drawMode":0,"name":"Shaded","section":"Shading Mode"},"sceneLighting":false,"audioPlay":false,"sceneViewState":{"m_AlwaysRefresh":false,"showFog":true,"showSkybox":false,"showFlares":true,"showImageEffects":true,"showParticleSystems":true,"showVisualEffectGraphs":true,"m_FxEnabled":true},"in2DMode":false,"pivot":{"x":1.4900016784667969,"y":-5.442602634429932,"z":-4.972079277038574},"rotation":{"x":-0.05428101122379303,"y":0.009582877159118653,"z":-0.0005091620259918273,"w":-0.9984886050224304},"size":21.190298080444337,"orthographic":false}