{"cameraMode":{"drawMode":0,"name":"Shaded","section":"Shading Mode"},"sceneLighting":true,"audioPlay":false,"sceneViewState":{"m_AlwaysRefresh":false,"showFog":true,"showSkybox":true,"showFlares":true,"showImageEffects":true,"showParticleSystems":true,"showVisualEffectGraphs":true,"m_FxEnabled":true},"in2DMode":false,"pivot":{"x":-2.8441359996795656,"y":3.3994529247283937,"z":-3.0259876251220705},"rotation":{"x":0.23044991493225099,"y":-0.6072841882705689,"z":0.19002777338027955,"w":0.7362635135650635},"size":5.258788585662842,"orthographic":false}