{"cameraMode":{"drawMode":0,"name":"Shaded","section":"Shading Mode"},"sceneLighting":false,"audioPlay":false,"sceneViewState":{"m_AlwaysRefresh":false,"showFog":true,"showSkybox":false,"showFlares":true,"showImageEffects":true,"showParticleSystems":true,"showVisualEffectGraphs":true,"m_FxEnabled":true},"in2DMode":false,"pivot":{"x":-0.02633117139339447,"y":0.24661584198474885,"z":-0.1156361997127533},"rotation":{"x":0.026577627286314966,"y":-0.9694099426269531,"z":0.21150435507297517,"w":0.12192697823047638},"size":0.3499126732349396,"orthographic":false}