{"cameraMode":{"drawMode":0,"name":"Shaded","section":"Shading Mode"},"sceneLighting":false,"audioPlay":false,"sceneViewState":{"m_AlwaysRefresh":false,"showFog":true,"showSkybox":false,"showFlares":true,"showImageEffects":true,"showParticleSystems":true,"showVisualEffectGraphs":true,"m_FxEnabled":true},"in2DMode":false,"pivot":{"x":-0.000004291534423828125,"y":0.27011561393737795,"z":0.0066263675689697269},"rotation":{"x":-0.003266051644459367,"y":0.9958755970001221,"z":-0.03916417062282562,"w":-0.08236931264400482},"size":1.983964204788208,"orthographic":false}