{"cameraMode":{"drawMode":0,"name":"Shaded","section":"Shading Mode"},"sceneLighting":false,"audioPlay":false,"sceneViewState":{"m_AlwaysRefresh":false,"showFog":true,"showSkybox":false,"showFlares":true,"showImageEffects":true,"showParticleSystems":true,"showVisualEffectGraphs":true,"m_FxEnabled":true},"in2DMode":false,"pivot":{"x":1.4799909591674805,"y":-5.451848983764648,"z":-4.950751304626465},"rotation":{"x":0.11096023768186569,"y":0.04651086777448654,"z":-0.005237755831331015,"w":0.9927703142166138},"size":5.290879249572754,"orthographic":false}