{"cameraMode":{"drawMode":0,"name":"Shaded","section":"Shading Mode"},"sceneLighting":false,"audioPlay":false,"sceneViewState":{"m_AlwaysRefresh":false,"showFog":true,"showSkybox":false,"showFlares":true,"showImageEffects":true,"showParticleSystems":true,"showVisualEffectGraphs":true,"m_FxEnabled":true},"in2DMode":false,"pivot":{"x":1.0313791036605836,"y":-2.8462064266204836,"z":-4.316195011138916},"rotation":{"x":0.01617266610264778,"y":0.8267350196838379,"z":-0.023836974054574968,"w":0.5619384050369263},"size":5.290879249572754,"orthographic":false}