{"cameraMode":{"drawMode":0,"name":"Shaded","section":"Shading Mode"},"sceneLighting":false,"audioPlay":false,"sceneViewState":{"m_AlwaysRefresh":false,"showFog":true,"showSkybox":false,"showFlares":true,"showImageEffects":true,"showParticleSystems":true,"showVisualEffectGraphs":true,"m_FxEnabled":true},"in2DMode":false,"pivot":{"x":-0.003443896770477295,"y":0.6078779697418213,"z":-0.01881462335586548},"rotation":{"x":0.0038845704402774574,"y":-0.9886255264282227,"z":0.14821262657642365,"w":0.025813894346356393},"size":1.480475664138794,"orthographic":false}