{"cameraMode":{"drawMode":0,"name":"Shaded","section":"Shading Mode"},"sceneLighting":false,"audioPlay":false,"sceneViewState":{"m_AlwaysRefresh":false,"showFog":true,"showSkybox":false,"showFlares":true,"showImageEffects":true,"showParticleSystems":true,"showVisualEffectGraphs":true,"m_FxEnabled":true},"in2DMode":false,"pivot":{"x":-0.24314790964126588,"y":-0.0000023245811462402345,"z":0.00849241018295288},"rotation":{"x":0.016802629455924035,"y":0.02431413345038891,"z":-0.00043334937072359025,"w":0.9996135830879211},"size":0.7995978593826294,"orthographic":false}