{"cameraMode":{"drawMode":0,"name":"Shaded","section":"Shading Mode"},"sceneLighting":true,"audioPlay":false,"sceneViewState":{"m_AlwaysRefresh":false,"showFog":true,"showSkybox":true,"showFlares":true,"showImageEffects":true,"showParticleSystems":true,"showVisualEffectGraphs":true,"m_FxEnabled":true},"in2DMode":false,"pivot":{"x":657.5145874023438,"y":132.96832275390626,"z":-14.684697151184082},"rotation":{"x":-0.05428101122379303,"y":0.009582877159118653,"z":-0.0005091620259918273,"w":-0.9984886050224304},"size":561.8427124023438,"orthographic":false}